Scenario,DelaySteps,LossRate,TargetDemandMW,ETIterations,ETCommCount,MaxPDeviationMW,MaxIncrementalCostSpread,LambdaMean,PStar1,PStar2,PStar3,PStar4,PStar5,POpt1,POpt2,POpt3,POpt4,POpt5,IncrementalCost1,IncrementalCost2,IncrementalCost3,IncrementalCost4,IncrementalCost5
Ideal communication,0,0,69.8589030290381,283,82,6.58412629788163e-05,0,1.93888583908384,13.5801621967734,8.45403998008355,28.1744942529944,20.2613482083483,-0.611141609161567,13.5801558244066,8.4540692674895,28.1744312093436,20.261322495697,-0.611075767898589,1.93888583908384,1.93888583908384,1.93888583908384,1.93888583908384,1.93888583908384
Light weak communication,2,0.2,69.8589030290381,325,97,6.64778559902324e-05,0,1.93888583908384,13.5801621967734,8.45403998008355,28.1744942529944,20.2613482083483,-0.611141609161567,13.5801552909091,8.45406877970944,28.1744317245263,20.2613223651988,-0.611075131305577,1.93888583908384,1.93888583908384,1.93888583908384,1.93888583908384,1.93888583908384
Heavy weak communication,5,0.5,69.8589030290381,391,121,6.67131235790874e-05,0,1.93888583908384,13.5801621967734,8.45403998008355,28.1744942529944,20.2613482083483,-0.611141609161567,13.5801560926718,8.45406887719204,28.1744317327165,20.2613212224958,-0.611074896037988,1.93888583908384,1.93888583908384,1.93888583908384,1.93888583908384,1.93888583908384
Communication outage recovery,2,0.2,69.8589030290381,325,97,6.68327548789538e-05,0,1.93888583908384,13.5801621967734,8.45403998008355,28.1744942529944,20.2613482083483,-0.611141609161567,13.5801552878993,8.45406891921384,28.1744313824074,20.2613222159244,-0.611074776406688,1.93888583908384,1.93888583908384,1.93888583908384,1.93888583908384,1.93888583908384
